{
    "PYK_fw": 35.845546227694655,
    "EX_co2_e_fw": 79.17321210665973,
    "PTAr_fw": 71.69109245550655,
    "EX_h_e_fw": 71.69109245567172,
    "EX_glyc_e_fw": -9.999999935289277e-09,
    "EX_ac_e_fw": 71.69109245547439,
    "EX_akg_e_fw": -9.999999935287312e-09,
    "EX_pyr_e_fw": -9.999999935289962e-09,
    "EX_succ_e_fw": -9.999999935287337e-09,
    "EX_glu__L_e_fw": -9.99999993528795e-09,
    "ENO_fw": 71.69109245544108,
    "FBA_fw": 35.845546227759044,
    "PGI_fw": 35.84554622775255,
    "EX_for_e_fw": -9.999999935289275e-09,
    "EX_acald_e_fw": -9.999999935288501e-09,
    "EX_lac__D_e_fw": -9.999999935289715e-09,
    "GAPD_fw": 71.69109245549322,
    "H2Otex_fw": 13.671191971618528,
    "O2tpp_fw": 71.69109245547708,
    "ATPS4rpp_fw": 250.9188235941453,
    "CO2tpp_fw": 7.482119651267032,
    "O2tex_fw": 71.69109245547708,
    "GLCtex_copy1_fw": 35.8455462277655,
    "H2Otpp_fw": 13.671191971618502,
    "GLCptspp_fw": 35.8455462277655,
    "EX_h2o_e_fw": 85.36228442437736,
    "ATPM_fw": 394.3010085415921,
    "PDH_fw": 71.69109245546115,
    "EX_etoh_e_fw": -9.9999999352859e-09,
    "PFK_fw": 35.84554622778495,
    "CYTBO3_4pp_fw": 71.69109245547708,
    "TPI_fw": 35.84554622774713,
    "NADH16pp_fw": 143.38218491095415,
    "Biomass_fw": -4.805152680590305e-10,
    "EX_pi_e_bw": -9.999999935221195e-09,
    "EX_co2_e_bw": 7.482119651267032,
    "ACKr_bw": 71.69109245549309,
    "PGK_bw": 71.6910924554672,
    "AIRC3_bw": -9.999999943634102e-09,
    "EX_glc__D_e_bw": 35.8455462277655,
    "ACtex_bw": 71.69109245547439,
    "Htex_bw": 71.69109245567172,
    "H2Otex_bw": 85.36228442437735,
    "CO2tpp_bw": 79.17321210665973,
    "ACt2rpp_bw": 71.69109245547439,
    "H2Otpp_bw": 85.36228442437732,
    "CO2tex_bw": 71.69109245539269,
    "EX_h2o_e_bw": 13.671191971618532,
    "EX_so4_e_bw": -9.999999955802599e-09,
    "EX_nh4_e_bw": -9.99999993528795e-09,
    "PGM_bw": 71.69109245545408,
    "EX_o2_e_bw": 71.69109245547708,
    "ETOHtrpp_bw": -9.999999926789272e-09,
    "prot_pool_delivery": 0.22400000999996875,
    "enzyme_PKI-COMPLEX_of_PYK_fw": 4.10132346900268e-05,
    "enzyme_PHOSACETYLTRANS-CPLX_of_PTAr_fw": 7.682090671896227e-05,
    "enzyme_ENOLASE-CPLX_of_ENO_fw": 0.00022607428301485408,
    "enzyme_FRUCBISALD-CLASSII_of_FBA_fw": 0.00012886184913221484,
    "enzyme_CPLX0-7877_of_PGI_fw": 7.65938726786996e-05,
    "enzyme_GAPDH-A-CPLX_of_GAPD_fw": 0.00017217990806665394,
    "enzyme_ATPSYN-CPLX_of_ATPS4rpp_fw": 1.2189039535708755e-05,
    "enzyme_CPLX-157_of_GLCptspp_fw": 7.643368801220717e-05,
    "enzyme_PYRUVATEDEH-CPLX_of_PDH_fw": 5.280521256150554e-06,
    "enzyme_6PFK-1-CPX_of_PFK_fw": 6.68852380179077e-05,
    "enzyme_CYT-O-UBIOX-CPLX_of_CYTBO3_4pp_fw": 4.731819330724982e-05,
    "enzyme_TPI_of_TPI_fw": 6.09558728264171e-05,
    "enzyme_NADH-DHI-CPLX_of_NADH16pp_fw": 4.276506006730022e-05,
    "enzyme_ACETATEKINA-MONOMER_of_ACKr_bw": 0.00014970678126853554,
    "enzyme_PGK_of_PGK_bw": 0.0002981331252805309,
    "enzyme_EG11512-MONOMER_of_ACt2rpp_bw": 0.0003243524558344042,
    "enzyme_PHOSGLYCMUTASE_of_PGM_bw": 0.00013498687744223798,
    "x_dhap_c": -7.830127358509409,
    "x_co2_e": -11.25793188077107,
    "x_2pg_c": -6.73315178977516,
    "x_13dpg_c": -10.15479860203729,
    "x_ac_c": -5.851188316245529,
    "x_pep_c": -8.196389656450043,
    "x_h_c": 0.0,
    "x_actp_c": -13.815510696099784,
    "x_3pg_c": -4.065260517140329,
    "x_accoa_c": -6.479493299610917,
    "x_o2_c": -2.302585070007885,
    "x_h_p": 0.0,
    "x_nad_c": -3.358604304262889,
    "x_adp_c": -4.137214696068125,
    "x_g3p_c": -11.030532165875233,
    "x_ac_e": -13.807640731895242,
    "x_pi_c": -2.3025850699941888,
    "x_q8h2_c": -9.044882548889595,
    "x_atp_c": -9.3656337769047,
    "x_fdp_c": -7.368906147712785,
    "x_o2_p": -11.197615299876778,
    "x_co2_p": -4.812437286035697,
    "x_h2o_c": 0.0,
    "x_glc__D_e": -1.7806588104204335,
    "x_f6p_c": -5.792605152079003,
    "x_o2_e": -4.2800893330909,
    "x_g6p_c": -2.572139407707111,
    "x_glc__D_p": -2.3025850699784893,
    "x_q8_c": -5.105697576261129,
    "x_ac_p": -13.815510694496622,
    "x_pyr_c": -7.370445412917305,
    "x_nadh_c": -7.820062302265319,
    "x_coa_c": -3.2594675449528046,
    "x_co2_c": -13.815509630734716,
    "var_B": 0.027762278294906077,
    "dG0_PYK_fw": -22.78899668038585,
    "f_var_PYK_fw": 26.691322849710595,
    "kappa_substrates_PYK_fw": 5.316968169738121,
    "kappa_products_PYK_fw": -3.453547168781245,
    "kappa_var_PYK_fw": 0.9950626595740256,
    "gamma_var_PYK_fw": 1.0000000099962456,
    "dG0_PTAr_fw": 9.387962140781383,
    "f_var_PTAr_fw": 11.168636464755235,
    "kappa_substrates_PTAr_fw": 4.030963737244103,
    "kappa_products_PTAr_fw": 0.9432417236501915,
    "kappa_var_PTAr_fw": 0.940512702792276,
    "gamma_var_PTAr_fw": 0.9890533580447236,
    "dG0_ENO_fw": -3.894828445649712,
    "f_var_ENO_fw": 7.521930427332406,
    "kappa_substrates_ENO_fw": 2.0071849529552854,
    "kappa_products_ENO_fw": -0.08466165424382792,
    "kappa_var_ENO_fw": 0.7951229529901336,
    "gamma_var_ENO_fw": 0.95200040864153,
    "dG0_FBA_fw": 24.84829985008117,
    "f_var_FBA_fw": 3.637677922476896,
    "kappa_substrates_FBA_fw": 1.4031792933322416,
    "kappa_products_FBA_fw": -2.637203519780604,
    "kappa_var_FBA_fw": 0.7916118735058738,
    "gamma_var_FBA_fw": 0.7696000049223849,
    "dG0_PGI_fw": 2.416048750882083,
    "f_var_PGI_fw": 5.566903257093256,
    "kappa_substrates_PGI_fw": 3.2370035826069166,
    "kappa_products_PGI_fw": 2.9477315032559934,
    "kappa_var_PGI_fw": 0.5593560181356797,
    "gamma_var_PGI_fw": 0.8942559532564444,
    "dG0_GAPD_fw": -1.8293512028186278,
    "f_var_GAPD_fw": 5.010021576665092,
    "kappa_substrates_GAPD_fw": 4.360048340786277,
    "kappa_products_GAPD_fw": 1.5544822689005913,
    "kappa_var_GAPD_fw": 0.9318491092952063,
    "gamma_var_GAPD_fw": 0.8675946778729207,
    "dG0_ATPS4rpp_fw": -21.63803342067684,
    "f_var_ATPS4rpp_fw": 25.135048296006165,
    "kappa_substrates_ATPS4rpp_fw": 5.073125675908058,
    "kappa_products_ATPS4rpp_fw": 0.1257440305636893,
    "kappa_var_ATPS4rpp_fw": 0.9869114779141719,
    "gamma_var_ATPS4rpp_fw": 1.0000000099952848,
    "dG0_O2tex_fw": 0.0,
    "f_var_O2tex_fw": 7.9524770272525185,
    "dG0_GLCtex_copy1_fw": -4.866104734446708e-05,
    "f_var_GLCtex_copy1_fw": 0.8632599455727741,
    "dG0_GLCptspp_fw": -45.699799319943274,
    "f_var_GLCptspp_fw": 30.404779995773932,
    "kappa_substrates_GLCptspp_fw": 6.981698759032362,
    "kappa_products_GLCptspp_fw": 6.280871183767483,
    "kappa_var_GLCptspp_fw": 0.6680566183174658,
    "gamma_var_GLCptspp_fw": 1.0000000099965822,
    "dG0_ATPM_fw": -32.295134076671495,
    "f_var_ATPM_fw": 18.471636694968264,
    "dG0_PDH_fw": -34.4252813097164,
    "f_var_PDH_fw": 36.025381990244696,
    "kappa_substrates_PDH_fw": 3.6015056215101904,
    "kappa_products_PDH_fw": 1.4538967779722896,
    "kappa_var_PDH_fw": 0.8741910143807374,
    "gamma_var_PDH_fw": 1.0000000099987099,
    "dG0_PFK_fw": -21.71169198484767,
    "f_var_PFK_fw": 12.658751928427662,
    "kappa_substrates_PFK_fw": 4.538985312129433,
    "kappa_products_PFK_fw": 4.717335160606863,
    "kappa_var_PFK_fw": 0.45342403562312017,
    "gamma_var_PFK_fw": 0.9940443816925131,
    "dG0_CYTBO3_4pp_fw": -79.20653583266511,
    "f_var_CYTBO3_4pp_fw": 33.20690196299208,
    "kappa_substrates_CYTBO3_4pp_fw": 5.828660060404266,
    "kappa_products_CYTBO3_4pp_fw": 6.012060851867747,
    "kappa_var_CYTBO3_4pp_fw": 0.45377156997424173,
    "gamma_var_CYTBO3_4pp_fw": 1.0000000099954123,
    "dG0_TPI_fw": 5.663862916888344,
    "f_var_TPI_fw": 2.2693616573065896,
    "kappa_substrates_TPI_fw": 0.9102093842210376,
    "kappa_products_TPI_fw": -2.9188041630616137,
    "kappa_var_TPI_fw": 0.7022628860650196,
    "gamma_var_TPI_fw": 0.5997840397045964,
    "dG0_NADH16pp_fw": -88.44112010291883,
    "f_var_NADH16pp_fw": 60.83351819985403,
    "kappa_substrates_NADH16pp_fw": 4.554913606934446,