{
    "PYK_fw": 35.84554622774319,
    "EX_co2_e_fw": 79.17321210674227,
    "PTAr_fw": 71.69109245548273,
    "EX_h_e_fw": 71.69109245547749,
    "EX_glyc_e_fw": -9.999999935172257e-09,
    "EX_ac_e_fw": 71.69109245548373,
    "EX_akg_e_fw": -9.999999935170284e-09,
    "EX_pyr_e_fw": -9.999999935172944e-09,
    "EX_succ_e_fw": -9.999999935170309e-09,
    "EX_glu__L_e_fw": -9.999999935170926e-09,
    "ENO_fw": 71.69109245548475,
    "FBA_fw": 35.84554622774116,
    "PGI_fw": 35.845546227741366,
    "EX_for_e_fw": -9.999999935172256e-09,
    "EX_acald_e_fw": -9.999999935171478e-09,
    "EX_lac__D_e_fw": -9.999999935172696e-09,
    "GAPD_fw": 71.6910924554831,
    "H2Otex_fw": 13.671191971503825,
    "O2tpp_fw": 71.69109245548363,
    "ATPS4rpp_fw": 250.9188235941935,
    "CO2tpp_fw": 7.48211965125597,
    "O2tex_fw": 71.69109245548363,
    "GLCtex_copy1_fw": 35.845546227740954,
    "H2Otpp_fw": 13.671191971503797,
    "GLCptspp_fw": 35.845546227740954,
    "EX_h2o_e_fw": 85.36228442707251,
    "ATPM_fw": 394.3010085040181,
    "PDH_fw": 71.69109245548415,
    "EX_etoh_e_fw": -9.999999935168868e-09,
    "PFK_fw": 35.84554622774035,
    "CYTBO3_4pp_fw": 71.69109245548363,
    "TPI_fw": 35.845546227741536,
    "NADH16pp_fw": 143.38218491096725,
    "Biomass_fw": 1.5046078382506397e-11,
    "EX_pi_e_bw": -9.999999935103929e-09,
    "EX_co2_e_bw": 7.482119651255971,
    "ACKr_bw": 71.69109245548313,
    "PGK_bw": 71.69109245548394,
    "AIRC3_bw": -9.99999994345721e-09,
    "EX_glc__D_e_bw": 35.845546227740954,
    "ACtex_bw": 71.69109245548373,
    "Htex_bw": 71.69109245547749,
    "H2Otex_bw": 85.36228442707251,
    "CO2tpp_bw": 79.17321210674227,
    "ACt2rpp_bw": 71.69109245548373,
    "H2Otpp_bw": 85.36228442707248,
    "CO2tex_bw": 71.6910924554863,
    "EX_h2o_e_bw": 13.671191971503825,
    "EX_so4_e_bw": -9.999999955747905e-09,
    "EX_nh4_e_bw": -9.999999935170926e-09,
    "PGM_bw": 71.69109245548434,
    "EX_o2_e_bw": 71.69109245548363,
    "ETOHtrpp_bw": -9.999999926491718e-09,
    "prot_pool_delivery": 0.22400000999996875,
    "enzyme_PKI-COMPLEX_of_PYK_fw": 4.101323469008232e-05,
    "enzyme_PHOSACETYLTRANS-CPLX_of_PTAr_fw": 7.682090671893778e-05,
    "enzyme_ENOLASE-CPLX_of_ENO_fw": 0.00022607428301495868,
    "enzyme_FRUCBISALD-CLASSII_of_FBA_fw": 0.00012886184913216446,
    "enzyme_CPLX0-7877_of_PGI_fw": 7.659387267868115e-05,
    "enzyme_GAPDH-A-CPLX_of_GAPD_fw": 0.0001721799080666312,
    "enzyme_ATPSYN-CPLX_of_ATPS4rpp_fw": 1.2189039535710975e-05,
    "enzyme_CPLX-157_of_GLCptspp_fw": 7.643368801216907e-05,
    "enzyme_PYRUVATEDEH-CPLX_of_PDH_fw": 5.280521256151947e-06,
    "enzyme_6PFK-1-CPX_of_PFK_fw": 6.688523801786431e-05,
    "enzyme_CYT-O-UBIOX-CPLX_of_CYTBO3_4pp_fw": 4.731819330724911e-05,
    "enzyme_TPI_of_TPI_fw": 6.095587282640891e-05,
    "enzyme_NADH-DHI-CPLX_of_NADH16pp_fw": 4.276506006730139e-05,
    "enzyme_ACETATEKINA-MONOMER_of_ACKr_bw": 0.00014970678126851052,
    "enzyme_PGK_of_PGK_bw": 0.0002981331252805606,
    "enzyme_EG11512-MONOMER_of_ACt2rpp_bw": 0.00032435245583443533,
    "enzyme_PHOSGLYCMUTASE_of_PGM_bw": 0.00013498687744227598,
    "x_dhap_c": -7.830127358509403,
    "x_co2_e": -11.25793188077107,
    "x_2pg_c": -6.733151789774671,
    "x_13dpg_c": -10.154798602037495,
    "x_ac_c": -5.851188316244915,
    "x_pep_c": -8.196389656450187,
    "x_h_c": 0.0,
    "x_actp_c": -13.815510696099784,
    "x_3pg_c": -4.0652605171396425,
    "x_accoa_c": -6.479493299611155,
    "x_o2_c": -2.302585070007885,
    "x_h_p": 0.0,
    "x_nad_c": -3.358604304262962,
    "x_adp_c": -4.1372146960679,
    "x_g3p_c": -11.030532165875192,
    "x_ac_e": -13.807640731895242,
    "x_pi_c": -2.3025850699941888,
    "x_q8h2_c": -9.04488254888956,
    "x_atp_c": -9.365633776905705,
    "x_fdp_c": -7.368906147712967,
    "x_o2_p": -11.197615299876778,
    "x_co2_p": -4.812437286035697,
    "x_h2o_c": 0.0,
    "x_glc__D_e": -1.7806588104204333,
    "x_f6p_c": -5.7926051520790365,
    "x_o2_e": -4.280089333090899,
    "x_g6p_c": -2.57213940770727,
    "x_glc__D_p": -2.3025850699784893,
    "x_q8_c": -5.105697576261194,
    "x_ac_p": -13.815510694496622,
    "x_pyr_c": -7.370445412916732,
    "x_nadh_c": -7.8200623022651,
    "x_coa_c": -3.259467544952865,
    "x_co2_c": -13.815509630734716,
    "var_B": 0.027762278294907045,
    "dG0_PYK_fw": -22.78899668038585,
    "f_var_PYK_fw": 26.69132284971076,
    "kappa_substrates_PYK_fw": 5.316968169738205,
    "kappa_products_PYK_fw": -3.4535471687816766,
    "kappa_var_PYK_fw": 0.9950626595740261,
    "gamma_var_PYK_fw": 1.0000000099962456,
    "dG0_PTAr_fw": 9.387962140781383,
    "f_var_PTAr_fw": 11.1686364647548,
    "kappa_substrates_PTAr_fw": 4.030963737243866,
    "kappa_products_PTAr_fw": 0.9432417236501313,
    "kappa_var_PTAr_fw": 0.9405127027922651,
    "gamma_var_PTAr_fw": 0.9890533580447217,
    "dG0_ENO_fw": -3.894828445649712,
    "f_var_ENO_fw": 7.521930427333973,
    "kappa_substrates_ENO_fw": 2.0071849529557757,
    "kappa_products_ENO_fw": -0.08466165424397018,
    "kappa_var_ENO_fw": 0.7951229529902247,
    "gamma_var_ENO_fw": 0.9520004086415604,
    "dG0_FBA_fw": 24.84829985008117,
    "f_var_FBA_fw": 3.6376779224763225,
    "kappa_substrates_FBA_fw": 1.4031792933320602,
    "kappa_products_FBA_fw": -2.6372035197805523,
    "kappa_var_FBA_fw": 0.7916118735058432,
    "gamma_var_FBA_fw": 0.7696000049223317,
    "dG0_PGI_fw": 2.416048750882083,
    "f_var_PGI_fw": 5.566903257092945,
    "kappa_substrates_PGI_fw": 3.2370035826067576,
    "kappa_products_PGI_fw": 2.9477315032559606,
    "kappa_var_PGI_fw": 0.5593560181356482,
    "gamma_var_PGI_fw": 0.894255953256431,
    "dG0_GAPD_fw": -1.8293512028186278,
    "f_var_GAPD_fw": 5.010021576664991,
    "kappa_substrates_GAPD_fw": 4.360048340786249,
    "kappa_products_GAPD_fw": 1.5544822689006066,
    "kappa_var_GAPD_fw": 0.9318491092952035,
    "gamma_var_GAPD_fw": 0.8675946778729154,
    "dG0_ATPS4rpp_fw": -21.63803342067684,
    "f_var_ATPS4rpp_fw": 25.13504829600643,
    "kappa_substrates_ATPS4rpp_fw": 5.0731256759082815,
    "kappa_products_ATPS4rpp_fw": 0.1257440305626823,
    "kappa_var_ATPS4rpp_fw": 0.9869114779141818,
    "gamma_var_ATPS4rpp_fw": 1.0000000099952848,
    "dG0_O2tex_fw": 0.0,
    "f_var_O2tex_fw": 7.952477027252519,
    "dG0_GLCtex_copy1_fw": -4.866104734446708e-05,
    "f_var_GLCtex_copy1_fw": 0.863259945572774,
    "dG0_GLCptspp_fw": -45.699799319943274,
    "f_var_GLCptspp_fw": 30.404779995773428,
    "kappa_substrates_GLCptspp_fw": 6.981698759032216,
    "kappa_products_GLCptspp_fw": 6.280871183767899,
    "kappa_var_GLCptspp_fw": 0.6680566183173413,
    "gamma_var_GLCptspp_fw": 1.0000000099965822,
    "dG0_ATPM_fw": -32.295134076671495,
    "f_var_ATPM_fw": 18.47163669496643,
    "dG0_PDH_fw": -34.4252813097164,
    "f_var_PDH_fw": 36.02538199027316,
    "kappa_substrates_PDH_fw": 3.601505621510628,
    "kappa_products_PDH_fw": 1.4538967779722705,
    "kappa_var_PDH_fw": 0.8741910143807873,
    "gamma_var_PDH_fw": 1.0000000099987099,
    "dG0_PFK_fw": -21.71169198484767,
    "f_var_PFK_fw": 12.658751928424982,
    "kappa_substrates_PFK_fw": 4.538985312128398,
    "kappa_products_PFK_fw": 4.717335160606906,
    "kappa_var_PFK_fw": 0.45342403562285316,
    "gamma_var_PFK_fw": 0.9940443816925065,
    "dG0_CYTBO3_4pp_fw": -79.20653583266511,
    "f_var_CYTBO3_4pp_fw": 33.206901962992255,
    "kappa_substrates_CYTBO3_4pp_fw": 5.8286600604043315,
    "kappa_products_CYTBO3_4pp_fw": 6.012060851867616,
    "kappa_var_CYTBO3_4pp_fw": 0.4537715699742902,
    "gamma_var_CYTBO3_4pp_fw": 1.0000000099954123,
    "dG0_TPI_fw": 5.663862916888344,
    "f_var_TPI_fw": 2.269361657306502,
    "kappa_substrates_TPI_fw": 0.9102093842210452,
    "kappa_products_TPI_fw": -2.9188041630615724,
    "kappa_var_TPI_fw": 0.7022628860650209,
    "gamma_var_TPI_fw": 0.5997840397045824,
    "dG0_NADH16pp_fw": -88.44112010291883,
    "f_var_NADH16pp_fw": 60.83351819985426,
    "kappa_substrates_NADH16pp_fw": 4.554913606934601,