{
    "NDPK5_fw": 1.4042465519029175,
    "NDPK5_bw": -1.4042465519029175,
    "SHK3Dr_fw": -3.9450720914018365,
    "SHK3Dr_bw": 3.9450720914018365,
    "NDPK6_fw": -1.1168190434318173,
    "NDPK6_bw": 1.1168190434318173,
    "NDPK8_fw": 2.470121880555603,
    "NDPK8_bw": -2.470121880555603,
    "DHORTS_fw": -10.159995690685857,
    "DHORTS_bw": 10.159995690685857,
    "OMPDC_fw": -20.217801086482,
    "G5SD_fw": -5.246545077958758,
    "CS_fw": -41.7647413632181,
    "ICDHyr_fw": 5.370438197275044,
    "ICDHyr_bw": -5.370438197275044,
    "ACALD_fw": -24.122178662346514,
    "ACALD_bw": 24.122178662346514,
    "PPA_fw": -15.645520146360042,
    "PPCK_fw": 11.245118604222823,
    "ME1_fw": 12.022024952521459,
    "ALATA_L_fw": -0.2530758376143487,
    "ALATA_L_bw": 0.2530758376143487,
    "XYLK_fw": -27.236620458122935,
    "RBK_fw": -31.77641416787467,
    "GLYK_fw": -19.141352482986655,
    "ASPTA_fw": 2.8486715333360273,
    "ASPTA_bw": -2.8486715333360273,
    "FBP_fw": -10.583442091823828,
    "PYK_fw": -22.78899668038585,
    "GTHOr_fw": -10.804371769086424,
    "GTHOr_bw": 10.804371769086424,
    "ILETA_fw": -6.296940232668656,
    "ILETA_bw": 6.296940232668656,
    "DHORD5_fw": -17.7299299392564,
    "VALTA_fw": 1.3419631592724253,
    "VALTA_bw": -1.3419631592724253,
    "IPPMIb_fw": -0.3962300459374679,
    "IPPMIb_bw": 0.3962300459374679,
    "ORPT_fw": 1.2108551867651824,
    "ORPT_bw": -1.2108551867651824,
    "ACHBS_fw": -15.050902596477627,
    "DHAD2_fw": -36.928288805961145,
    "ACLS_fw": -23.710138174913144,
    "TRPS2_fw": -50.41493032159709,
    "PSCVT_fw": -15.8822649112314,
    "PSCVT_bw": 15.8822649112314,
    "PFL_fw": -20.304440003005613,
    "ANS_fw": -112.69483813295366,
    "FRD2_fw": -34.116181960234655,
    "ANPRT_fw": -65.80000819242574,
    "CHORM_fw": -48.72492478822781,
    "PTAr_fw": 9.387962140781383,
    "PTAr_bw": -9.387962140781383,
    "CHORS_fw": -47.04605201378517,
    "IGPS_fw": -69.86559323790038,
    "ACKr_fw": 14.68958766896935,
    "ACKr_bw": -14.68958766896935,
    "LEUTAi_fw": 0.03788516041012217,
    "ENO_fw": -3.894828445649712,
    "ENO_bw": 3.894828445649712,
    "FBA_fw": 24.84829985008117,
    "FBA_bw": -24.84829985008117,
    "HCO3E_fw": -11.271494293581018,
    "HCO3E_bw": 11.271494293581018,
    "IMPC_fw": 19.601761381729027,
    "IMPC_bw": -19.601761381729027,
    "IMPD_fw": 13.621260142547591,
    "PPS_fw": -10.10998356341738,
    "PGI_fw": 2.416048750882083,
    "PGI_bw": -2.416048750882083,
    "PGK_fw": 19.543984097843225,
    "PGK_bw": -19.543984097843225,
    "PGL_fw": -28.02815007573089,
    "RPE_fw": -3.3906140996532654,
    "RPE_bw": 3.3906140996532654,
    "DHQTi_fw": -5.290222085060452,
    "IPMD_fw": 12.727272581854777,
    "AIRC3_fw": -30.403133552927944,
    "AIRC3_bw": 30.403133552927944,
    "TALA_fw": -1.22089935842082,
    "TALA_bw": 1.22089935842082,
    "ADSL2r_fw": 24.94399731095888,
    "ADSL2r_bw": -24.94399731095888,
    "TKT1_fw": -1.4790398321905602,
    "TKT1_bw": 1.4790398321905602,
    "RNDR1_fw": -44.05985206166142,
    "ALCD2x_fw": 15.167578272342714,
    "ALCD2x_bw": -15.167578272342714,
    "RNDR3_fw": -40.588921265722036,
    "RNDR4_fw": -44.777650874737034,
    "TMDS_fw": -45.29303434274883,
    "DHAD1_fw": -36.93208668299586,
    "IPPMIa_fw": -3.6899432044934803,
    "IPPMIa_bw": 3.6899432044934803,
    "MDH_fw": 23.565903028684446,
    "MDH_bw": -23.565903028684446,
    "FUM_fw": -3.4245366324884285,
    "FUM_bw": 3.4245366324884285,
    "KARA1_fw": 13.03704245014697,
    "KARA1_bw": -13.03704245014697,
    "KARA2_fw": -13.036798417898893,
    "KARA2_bw": 13.036798417898893,
    "ACCOAC_fw": -11.766443833325402,
    "KAS14_fw": 12.118530018222684,
    "ARGSS_fw": 10.457588719715163,
    "AGPR_fw": 2.7098163485285633,
    "AGPR_bw": -2.7098163485285633,
    "ICL_fw": 8.908189443721632,
    "ICL_bw": -8.908189443721632,
    "GLYCL_fw": 19.146780698399663,
    "XYLI1_fw": 3.6677142494769672,
    "XYLI1_bw": -3.6677142494769672,
    "PPC_fw": -43.54025268089428,
    "G3PT_fw": -13.153781593684872,
    "SADT2_fw": 16.109450953688913,
    "GHMT2r_fw": -9.957203408221506,
    "GHMT2r_bw": 9.957203408221506,
    "DHORD2_fw": -125.47329094192426,
    "SDPDS_fw": 8.202807774281062,
    "UMPK_fw": 0.6286235339385082,
    "UMPK_bw": -0.6286235339385082,
    "CTPS2_fw": -25.32586820693869,
    "NDPK7_fw": 3.8262866803990034,
    "NDPK7_bw": -3.8262866803990034,
    "TRPS3_fw": 19.166513454819093,
    "ADK1_fw": 0.6038461671316752,
    "ADK1_bw": -0.6038461671316752,
    "NDPK2_fw": -0.5879182668646927,
    "NDPK2_bw": 0.5879182668646927,
    "NDPK4_fw": 0.8343423475710136,
    "NDPK4_bw": -0.8343423475710136,
    "ACODA_fw": -7.001151736473076,
    "ADSS_fw": -7.201337183171485,
    "ASNS2_fw": -31.93719233992352,
    "ASPCT_fw": -22.92501199061277,
    "MCOATA_fw": 9.337677216374436,
    "MCOATA_bw": -9.337677216374436,
    "DAPE_fw": -1.6526074298638112,
    "DAPE_bw": 1.6526074298638112,
    "DHDPRy_fw": -18.516199501217724,
    "HSK_fw": -41.84905070105419,
    "SDPTA_fw": -1.1727043932019643,
    "SDPTA_bw": 1.1727043932019643,
    "THRS_fw": -29.691230538026925,
    "HSST_fw": -29.196241305137136,
    "PPNDH_fw": -61.78177160255919,
    "DTMPK_fw": -2.326793088855694,
    "DTMPK_bw": 2.326793088855694,
    "NDPK1_fw": -2.1632799430633853,
    "NDPK1_bw": 2.1632799430633853,
    "TRDR_fw": -3.8606555887030867,
    "DDPA_fw": -74.23897251962109,
    "MALS_fw": -40.97608976438673,
    "NADTRHD_fw": -0.313020936045943,
    "G3PD2_fw": 20.036644655571468,
    "G3PD2_bw": -20.036644655571468,
    "GMPS2_fw": -1.6143098946486134e-07,
    "P5CR_fw": -9.47489291831485,
    "AKGDH_fw": -28.903295470620286,
    "ATPPRT_fw": -38.55768860311103,
    "HISTD_fw": -23.371544504809016,
    "DHDPS_fw": -130.59541464377395,
    "IGPDH_fw": -42.02433251451432,
    "PRPPS_fw": -3.8340198673797397,
    "PRPPS_bw": 3.8340198673797397,
    "PRATPP_fw": -56.86468553301187,
    "GLUN_fw": -14.448119756944683,
    "PRMICI_fw": -9.77860710150586,
    "PRMICI_bw": 9.77860710150586,
    "GLUPRT_fw": -70.08796903883564,
    "SERAT_fw": -6.199700179247023,
    "SERAT_bw": 6.199700179247023,
    "CYSS_fw": -50.85227142481028,
    "BPNT_fw": -7.080044146709059,
    "PAPSR_fw": -51.47528106964789,
    "ASPK_fw": 20.92345105459024,
    "ASPK_bw": -20.92345105459024,
    "ASAD_fw": -28.08032122483674,
    "ASAD_bw": 28.08032122483674,
    "DAPDC_fw": -11.824331792401557,
    "OCBT_fw": -31.787464846713245,
    "OCBT_bw": 31.787464846713245,
    "GARFT_fw": -0.6955807698358923,
    "GARFT_bw": 0.6955807698358923,
    "PHETA1_fw": -0.4072137719834953,
    "PHETA1_bw": 0.4072137719834953,
    "PPND_fw": -10.957663451905512,
    "PRAMPC_fw": -44.41041762180828,
    "GLYCK2_fw": -13.090718366662541,
    "ACOTA_fw": -3.7678850277408933,
    "ACOTA_bw": 3.7678850277408933,
    "SULR_fw": -99.32333670390558,
    "PRAGSr_fw": -27.887567184029518,
    "PRAGSr_bw": 27.887567184029518,
    "PRFGS_fw": 11.249863552814064,
    "PSERT_fw": -11.066799237791052,
    "AIRC2_fw": -59.12057737877251,
    "GAPD_fw": -1.8293512028186278,
    "GAPD_bw": 1.8293512028186278,
    "GND_fw": 10.396170201388934,
    "G6PDH2r_fw": -9.36177264446465,
    "G6PDH2r_bw": 9.36177264446465,
    "ME2_fw": 12.335045888567802,
    "ARGSL_fw": -8.668753535229188,
    "ARGSL_bw": 8.668753535229188,
    "CBPS_fw": -22.555552218926344,
    "GLU5K_fw": 29.49026728582688,
    "IPPS_fw": -28.79242120780423,
    "ACOATA_fw": 8.549271846991244,
    "ACOATA_bw": -8.549271846991244,
    "ACtex_fw": 0.09657843675793742,
    "ACtex_bw": -0.09657843675793742,
    "ACALDtex_fw": -1.2610026914217087e-05,
    "ACALDtex_bw": 1.2610026914217087e-05,
    "PSP_L_fw": -10.483161829173165,
    "ADSK_fw": -19.14058578613192,
    "SUCCt2_2pp_fw": -10.53624563349993,
    "HSDy_fw": -16.73427555195978,
    "CYSTL_fw": 0.714504084697492,
    "SHSL1_fw": -67.24290961703976,
    "SULabcpp_fw": -15.892620863100987,
    "GLUtex_fw": 0.09562301692886876,