{
    "NDPK5_fw": 72062.18535720023,
    "SHK3Dr_fw": 50476.617107173435,
    "NDPK6_fw": 1385.4430584354097,
    "NDPK8_fw": 56859.3852256224,
    "DHORTS_fw": 38048.879630262956,
    "OMPDC_fw": 424735.65237103205,
    "G5SD_fw": 139419.71627312267,
    "CS_fw": 680213.0169384443,
    "ICDHyr_fw": 72611.25647095153,
    "ACALD_fw": 2357415.9063195838,
    "PPA_fw": 614231.7931460268,
    "PPCK_fw": 128114.2550302632,
    "ME1_fw": 1181225.0119759631,
    "ALATA_L_fw": 235528.13255067,
    "XYLK_fw": 67530.9190392,
    "RBK_fw": 20809.773287157313,
    "GLYK_fw": 205632.0,
    "ASPTA_fw": 25217.490782023775,
    "FBP_fw": 1510672.698959904,
    "PYK_fw": 878336.1261041112,
    "GTHOr_fw": 24622.445644522057,
    "ILETA_fw": 149698.79395808437,
    "DHORD5_fw": 9.60611916751776,
    "VALTA_fw": 73559.3616975708,
    "IPPMIb_fw": 26346.148518476806,
    "ORPT_fw": 40218.801103957325,
    "ACHBS_fw": 106502.21889122843,
    "DHAD2_fw": 91918.71647883288,
    "ACLS_fw": 429067.6988027616,
    "TRPS2_fw": 34540.408001044154,
    "PSCVT_fw": 31175.815111501717,
    "PFL_fw": 136199.1732566778,
    "ANS_fw": 52639.53824086452,
    "FRD2_fw": 113096.6934732468,
    "ANPRT_fw": 11424.175403103252,
    "CHORM_fw": 93684.06991303129,
    "PTAr_fw": 1003232.0131420643,
    "CHORS_fw": 470154.670661862,
    "IGPS_fw": 12161.59369645572,
    "ACKr_fw": 207533.0837729394,
    "LEUTAi_fw": 115814.89108778111,
    "ENO_fw": 418931.1084394044,
    "FBA_fw": 456597.4503933252,
    "HCO3E_fw": 893144.1914851717,
    "IMPC_fw": 15400.023927790537,
    "IMPD_fw": 20154.580769170083,
    "PPS_fw": 296879.50363073975,
    "PGI_fw": 935601.7360754879,
    "PGK_fw": 71424.06342218423,
    "PGL_fw": 2119491.467550515,
    "RPE_fw": 252075.33471851458,
    "DHQTi_fw": 290265.9191598557,
    "IPMD_fw": 69433.7394935754,
    "AIRC3_fw": 216462.83335610473,
    "TALA_fw": 286814.9306632255,
    "ADSL2r_fw": 147482.86218426574,
    "TKT1_fw": 476913.0713774328,
    "RNDR1_fw": 185760.0,
    "ALCD2x_fw": 402592.019677164,
    "RNDR3_fw": 185760.0,
    "RNDR4_fw": 185760.0,
    "TMDS_fw": 33407.17265186784,
    "DHAD1_fw": 276609.219888839,
    "IPPMIa_fw": 24020.545393334305,
    "MDH_fw": 687948.8928106104,
    "FUM_fw": 664811.6995181555,
    "KARA1_fw": 92372.15871831385,
    "KARA2_fw": 18123.286765801826,
    "ACCOAC_fw": 113914.93039805772,
    "KAS14_fw": 18979.092867714553,
    "ARGSS_fw": 25263.8779282092,
    "AGPR_fw": 12898.287182483748,
    "ICL_fw": 69828.50876960088,
    "GLYCL_fw": 193752.6633381791,
    "XYLI1_fw": 23551.198340840423,
    "PPC_fw": 882921.0306676932,
    "G3PT_fw": 24766.590461383475,
    "SADT2_fw": 135690.44075413307,
    "GHMT2r_fw": 31963.22528205053,
    "DHORD2_fw": 138710.44996655182,
    "SDPDS_fw": 736045.8808798871,
    "UMPK_fw": 358198.6509603936,
    "CTPS2_fw": 61326.457541588155,
    "NDPK7_fw": 71738.19109874195,
    "TRPS3_fw": 14806.159994317966,
    "ADK1_fw": 127656.08502561001,
    "NDPK2_fw": 275148.80618951377,
    "NDPK4_fw": 90604.45543601052,
    "ACODA_fw": 79049.6105256612,
    "ADSS_fw": 13249.364903037073,
    "ASNS2_fw": 64602.242507309405,
    "ASPCT_fw": 349556.1641851277,
    "MCOATA_fw": 24736.916732399997,
    "DAPE_fw": 399899.88614633045,
    "DHDPRy_fw": 127572.79917054636,
    "HSK_fw": 1093454.2248072266,
    "SDPTA_fw": 29664.40324982479,
    "THRS_fw": 103125.63075534109,
    "HSST_fw": 61481.659811319354,
    "PPNDH_fw": 128630.23991386344,
    "DTMPK_fw": 57202.27100345592,
    "NDPK1_fw": 426286.2658684464,
    "TRDR_fw": 51029.92894744008,
    "DDPA_fw": 157775.92740327743,
    "MALS_fw": 117213.6004430807,
    "NADTRHD_fw": 706056.6952036729,
    "G3PD2_fw": 592740.6615764352,
    "GMPS2_fw": 17250.844475248345,
    "P5CR_fw": 851769.7523743284,
    "AKGDH_fw": 5592814.182112211,
    "ATPPRT_fw": 27032.21620434576,
    "HISTD_fw": 22893.09180899544,
    "DHDPS_fw": 102617.52944564773,
    "IGPDH_fw": 24002.5788578093,
    "PRPPS_fw": 367918.69596685923,
    "PRATPP_fw": 33548.51149619926,
    "GLUN_fw": 36000.367439986076,
    "PRMICI_fw": 48528.20790459252,
    "GLUPRT_fw": 268600.956089845,
    "SERAT_fw": 458258.388312546,
    "CYSS_fw": 85510.99863806975,
    "BPNT_fw": 305442.4526442868,
    "PAPSR_fw": 72899.29821188448,
    "ASPK_fw": 195479.14814105615,
    "ASAD_fw": 27295.321470577273,
    "DAPDC_fw": 401047.1816787756,
    "OCBT_fw": 123517.91419991244,
    "GARFT_fw": 205798.3327885086,
    "PHETA1_fw": 30741.75594449287,
    "PPND_fw": 143832.33212990186,
    "PRAMPC_fw": 33548.51149619926,
    "GLYCK2_fw": 12145.157473937184,
    "ACOTA_fw": 95810.37084444816,
    "SULR_fw": 189865.43559485098,
    "PRAGSr_fw": 49283.45045893728,
    "PRFGS_fw": 36828.78963320052,
    "PSERT_fw": 269376.62368313596,
    "AIRC2_fw": 346831.53560156806,
    "GAPD_fw": 515015.4445149528,
    "GND_fw": 480680.62791735237,
    "G6PDH2r_fw": 589243.4274074256,
    "ME2_fw": 601647.7305861576,
    "ARGSL_fw": 30844.316725556797,
    "CBPS_fw": 19081.2958151922,
    "GLU5K_fw": 175995.71386742446,
    "IPPS_fw": 30984.7214491335,
    "ACOATA_fw": 19159.631476618248,
    "ACtex_fw": 702000.0,
    "ACALDtex_fw": 702000.0,
    "PSP_L_fw": 9695311.595809847,
    "ADSK_fw": 612518.7850983287,
    "SUCCt2_2pp_fw": 234000.0,
    "HSDy_fw": 44259.20131236481,
    "CYSTL_fw": 93275.28554828688,
    "SHSL1_fw": 105445.86636021371,
    "SULabcpp_fw": 1170000.0,
    "GLUtex_fw": 702000.0,
    "AKGt2rpp_fw": 234000.0,
    "XYLt2pp_fw": 234000.0,
    "GLYCtex_fw": 702000.0,
    "Htex_fw": 702000.0,
    "PYRt2rpp_fw": 234000.0,
    "THD2pp_fw": 55307.9868162804,
    "TKT2_fw": 232401.78342333,
    "ATPS4rpp_fw": 20858619.064075846,
    "GK1_fw": 270261.3562817364,
    "GLCNtex_fw": 702000.0,
    "GLNtex_fw": 702000.0,
    "O2tex_fw": 702000.0,
    "D_LACtex_fw": 702000.0,
    "GLCtex_copy1_fw": 702000.0,
    "FUMt2_2pp_fw": 234000.0,
    "PItex_fw": 702000.0,
    "CYTBDpp_fw": 36578.17453870044,
    "CYTBD2pp_fw": 50790.95938062936,
    "ACt2rpp_fw": 234000.0,
    "METS_fw": 18369.91319307322,
    "FRUtex_fw": 702000.0,
    "FUMtex_fw": 702000.0,
    "PRASCSi_fw": 59557.92279402204,
    "MTHFC_fw": 294608.91997363244,
    "MTHFD_fw": 294608.91997363244,
    "XYLtex_fw": 702000.0,
    "FORtppi_fw": 1170000.0,
    "PYRtex_fw": 702000.0,
    "SO4tex_fw": 702000.0,
    "SUCCtex_fw": 702000.0,
    "GRXR_fw": 23516.427636604585,
    "RNDR1b_fw": 4216.799072861964,
    "RNDR2b_fw": 12824.133931943352,
    "MALt2_2pp_fw": 234000.0,
    "NH4tex_fw": 702000.0,
    "RIBabcpp_fw": 3276000.0,
    "GLYCAt2rpp_fw": 234000.0,
    "GLYCAtex_fw": 702000.0,
    "GLNabcpp_fw": 1170000.0,
    "CO2tex_fw": 702000.0,
    "GLUt2rpp_fw": 234000.0,
    "ACGK_fw": 46671.3231352938,
    "GNK_fw": 191914.275727656,
    "GLUDy_fw": 59670.30875037552,
    "GLCNt2rpp_fw": 234000.0,
    "GLCptspp_fw": 702000.0,
    "HSTPT_fw": 42883.4885830938,
    "THDPS_fw": 12079.175165612063,
    "THRD_L_fw": 402020.3981197152,
    "ETOHtex_fw": 702000.0,
    "RNDR2_fw": 185760.0,
    "DHFR_fw": 10442.19668690214,
    "PRAIi_fw": 12161.59369645572,
    "TYRTA_fw": 22801.480368773115,
    "SHKK_fw": 46563.63940742976,
    "GLUSy_fw": 76383.74747544731,
    "IG3PS_fw": 36094.24813615776,
    "PDH_fw": 15530379.22759565,
    "MTHFR2_fw": 53569.61532561816,
    "DUTPDP_fw": 277.11360640372,
    "NTP5_fw": 31940.0842894245,
    "FORt2pp_fw": 1170000.0,
    "GLNS_fw": 631708.104834414,
    "ACGS_fw": 559919.0573642952,
    "SUCOAS_fw": 60461.4907355796,
    "PRAIS_fw": 104997.81679181424,
    "HISTP_fw": 24002.5788578093,
    "LDH_D_fw": 80666.95419120853,
    "KAS15_fw": 107886.0787461252,
    "T2DECAI_fw": 14741.516446114752,
    "3OAS161_fw": 13510.6197157026,
    "DHQS_fw": 137249.2886694732,
    "EAR161x_fw": 21483.418550732065,
    "PGCD_fw": 539485.7245519968,
    "MALtex_fw": 702000.0,
    "3OAS141_fw": 13510.6197157026,
    "3OAR121_fw": 54190.543111075436,
    "ADSL1r_fw": 58126.49275293937,
    "AICART_fw": 42784.929643242605,
    "D_LACt2pp_fw": 234000.0,