{
    "GCVMULTI-CPLX": 0.003612076724202802,
    "ADENYLOSUCCINATE-SYN-DIMER": 0.0019225412475684393,
    "B2789-MONOMER": 1.5009329500170298e-06,
    "PGLYCDEHYDROG-CPLX": 0.003173506217316269,
    "ACETOLACTSYNI-CPLX": 0.00033351486683351483,
    "CPLX0-7997": 5.5539157731176154e-06,
    "N-ACETYLGLUTPREDUCT-MONOMER": 0.0002882710303648526,
    "CPLX0-8581": 1.8583823599183958e-06,
    "CPLX0-8092": 3.20942748493618e-06,
    "ASP-SEMIALDEHYDE-DEHYDROGENASE-CPLX": 0.0035386225506476255,
    "CPLX0-7887": 2.192722066707785e-05,
    "CPLX0-8159": 2.6948698667386517e-06,
    "XYLE-MONOMER": 1.36391754044721e-07,
    "GAPDH-A-CPLX": 0.009062328960478245,
    "GLTP-MONOMER": 1.3984141481235468e-06,
    "CPLX0-8158": 9.143717084974143e-05,
    "CPLX0-2401": 0.0008853249928832376,
    "PURE-CPLX": 0.0002736341746927931,
    "CTPSYN-CPLX": 0.0004207160334725056,
    "DIHYDROOROTOX-MONOMER": 0.00039301460122408307,
    "G7164-MONOMER": 1.6408282725245524e-07,
    "CPLX0-8299": 0.001255149821903022,
    "GLY3KIN-MONOMER": 5.398354841770442e-07,
    "CPLX0-7521": 0.0007464384461142477,
    "GDHA-CPLX": 0.00173791687621578,
    "SUCCORNTRANSAM-CPLX": 4.143379038762632e-06,
    "CYT-O-UBIOX-CPLX": 0.000301321617307966,
    "OROTPDECARB-CPLX": 0.0002439409664563268,
    "NUCLEOSIDE-DIP-KIN-CPLX": 0.0009684091663899035,
    "EG12045-MONOMER": 4.017487071214996e-07,
    "ANTHRANSYN-CPLX": 0.00039406739862171935,
    "ABC-46-CPLX": 6.059031116568608e-06,
    "AROK-MONOMER": 0.00034182461925321437,
    "CHORISMUTPREPHENDEHYDROG-CPLX": 0.00015334151243061154,
    "SULFITE-REDUCT-CPLX": 0.001902950847035868,
    "CPLX0-8005": 0.0006219616412618019,
    "EG10003-MONOMER": 5.8917277589317896e-06,
    "AROG-CPLX": 0.0014690460724427097,
    "PRPPAMIDOTRANS-CPLX": 0.0001909555540992551,
    "GLUCONOKINII-CPLX": 1.9007995468994636e-06,
    "CPLX0-7533": 0.004970825923992978,
    "AROH-CPLX": 5.6741620012335714e-05,
    "ENOLASE-CPLX": 0.009490889162210421,
    "PGK": 0.007404196253333017,
    "CPLX0-7530": 1.364218223656118e-05,
    "GNTT-MONOMER": 1.9082947110594486e-06,
    "RIBULP3EPIM-MONOMER": 8.606190397115337e-05,
    "CPLX0-7695": 5.664978919556907e-07,
    "XYLISOM-CPLX": 1.1564065094653153e-06,
    "ORNCARBAMTRANSFERF-CPLX": 8.911026963040281e-05,
    "PGAM2-MONOMER": 4.595607771504487e-05,
    "BRANCHED-CHAINAMINOTRANSFER-CPLX": 0.0004452423732030175,
    "APP-UBIOX-CPLX": 6.078060920351576e-06,
    "FOCB-MONOMER": 1.3341462257436421e-06,
    "ABC-42-CPLX": 5.175913153008289e-06,
    "GLYCEROL-KIN-CPLX": 0.0017021103531811928,
    "ATPSYN-CPLX": 0.003438890907112594,
    "PRAI-IGPS": 0.00018198178108838866,
    "PURK-CPLX": 6.974058568581904e-05,
    "KETOBUTFORMLY-MONOMER": 0.0,
    "AROC-CPLX": 0.00015527976585851875,
    "G6425-MONOMER": 1.7495737023769984e-05,
    "GUANYL-KIN-CPLX": 7.108011102149262e-05,
    "ASPCARBTRANS-CPLX": 0.0032391999811986986,
    "FOLD-CPLX": 0.00030175734212648853,
    "GART-MONOMER": 1.9983334914836046e-05,
    "CPLX0-8160": 0.0008042524568857636,
    "TRYPSYN-APROTEIN": 0.0007630046733406082,
    "CYSTATHIONINE-BETA-LYASE-CPLX": 0.0002939469801205103,
    "HOMOSERKIN-CPLX": 0.000168303458746501,
    "MHPF-MONOMER": 1.0412446031218863e-06,
    "CPLX0-7776": 1.2213431702792894e-08,
    "METHYLENETHFREDUCT-CPLX": 0.0006584633842577215,
    "UMPKI-CPLX": 0.00010165227890591638,
    "THREDEHYDCAT-CPLX": 2.0894815438629785e-07,
    "O-SUCCHOMOSERLYASE-CPLX": 0.00017643522647910043,
    "DIHYDRODIPICSYN-CPLX": 0.000799664614413816,
    "CPLX0-9871": 0.0,
    "FUMARATE-REDUCTASE": 3.879330796877214e-05,
    "SULFATE-ADENYLYLTRANS-CPLX": 0.00048083995317170356,
    "HISTDEHYD-CPLX": 0.0008042505456184466,
    "FGAMSYN-MONOMER": 0.0020310982837927595,
    "CPLX0-1261": 8.707148200645251e-05,
    "PYRUVFORMLY-CPLX": 0.0,
    "6PGLUCONDEHYDROG-CPLX": 0.0038555184910328793,
    "ABC-7-CPLX": 0.0007070126454428998,
    "PSERPHOSPHA-MONOMER": 4.4475035832898406e-05,
    "TRANSALDOLB-CPLX": 0.0019314305463301225,
    "ACETYLGLUTKIN-CPLX": 0.0008509334642026852,
    "GLUTAMIDOTRANS-CPLX": 0.0003828988475411584,
    "PGMI-MONOMER": 0.0008015050743701664,
    "GLYC3PDEHYDROGBIOSYN-CPLX": 6.512623301466053e-05,
    "FABA-CPLX": 9.067357553257104e-05,
    "FABZ-CPLX": 0.0004235622301560943,
    "ADHE-CPLX": 0.0016264788604284288,
    "DCTA-MONOMER": 7.4795218247382744e-06,
    "RIBONUCLEOSIDE-DIP-REDUCTI-CPLX": 0.00029022763413317853,
    "EG11736-MONOMER": 3.611806708734639e-05,
    "HOMSUCTRAN-CPLX": 0.00044855801940503855,
    "DIHYDROFOLATEREDUCT-MONOMER": 2.6579630640034156e-05,
    "CPLX0-7532": 5.834449674408218e-05,
    "G6700-MONOMER": 1.8701250177919057e-05,
    "ARGSUCCINLYA-MONOMER": 0.0007621588224130568,
    "ADENYLYLSULFKIN-CPLX": 8.697215956374246e-05,
    "CPLX-8401": 3.0225271196090527e-05,
    "6PFK-1-CPX": 0.00018762477299900362,
    "PROPKIN-MONOMER": 2.9588890407790473e-06,
    "ASNSYNB-CPLX": 0.0004005931009631352,
    "FUMARASE-B": 4.384468478080372e-05,
    "AICARTRANSIMPCYCLO-CPLX": 0.0007986538981947144,
    "CPLX0-7877": 0.001176841223104569,
    "ABC-28-CPLX": 3.723747044361598e-05,
    "G6903-MONOMER": 2.0164220566257056e-06,
    "CPLX0-252": 0.00032219848568937695,
    "PYRUVATEDEH-CPLX": 0.008740538056040891,
    "GKI-MONOMER": 1.391469374199364e-06,
    "PYRNUTRANSHYDROGEN-CPLX": 0.0015154136761487632,
    "SUCCCOASYN": 0.00291933932030768,
    "ACSERLYA-CPLX": 0.013374891014692159,
    "CPLX0-8015": 1.0491293827394791e-06,
    "TRANSKETOI-CPLX": 0.0015558797373796081,
    "CPLX0-7534": 0.005881661657256725,
    "CPLX0-238": 0.0024141713032808276,
    "G6986-MONOMER": 2.916941597475921e-06,
    "CPLX0-243": 0.0012695370308867485,
    "FUMARASE-C": 0.00011318524194619722,
    "PKII-CPLX": 0.0003968672819068178,
    "6PFK-2-CPX": 1.8863500498173365e-05,
    "EG11195-MONOMER": 9.50065177681834e-05,
    "TYRB-DIMER": 0.0005161578141931962,
    "AROE-MONOMER": 4.081982868766902e-05,
    "CHORISMUTPREPHENDEHYDRAT-CPLX": 0.00010636106694501113,
    "FUMARASE-A": 0.0005028016298809127,
    "CPLX0-8006": 0.0009913421501992693,
    "GLYCRIBONUCSYN-MONOMER": 0.0005541702096360962,
    "3-ISOPROPYLMALISOM-CPLX": 0.002288034146551928,
    "UDHA-CPLX": 0.00011191678132561558,
    "MALATE-SYNTHASE": 0.0009798064209920767,
    "ACSERLYB-CPLX": 0.0002713992978127817,
    "MALIC-NAD-CPLX": 0.00018365120142809695,
    "AROL-MONOMER": 0.00010324204054775345,
    "ACETYL-COA-CARBOXYLMULTI-CPLX": 0.001677219996886416,
    "MALATE-DEHASE": 0.00863849117521469,
    "ASPKINIII-CPLX": 0.0008582959149784124,
    "MALSYNG-MONOMER": 8.974086610997769e-05,
    "CPLX-154": 2.515547397636919e-07,
    "AROF-CPLX": 0.0002653426246619535,
    "AIRS-CPLX": 0.00043735383356265117,
    "RIBULOKIN-MONOMER": 0.0,
    "ACETYLORNDEACET-CPLX": 0.0004970151883569767,
    "NADH-DHI-CPLX": 0.0010960897272698272,
    "G7285-MONOMER": 3.343413641054229e-06,
    "ANTHRANSYNCOMPII-MONOMER": 1.652648708900955e-05,
    "CITRATE-SI-SYNTHASE": 0.002227103824447264,
    "CPLX0-7959": 0.0005508403200526639,
    "GLU6PDEHYDROG-MONOMER": 0.0004466468822887507,
    "FRUCBISALD-CLASSII": 0.004161121926560942,
    "PAPSSULFOTRANS-CPLX": 0.00027442417865445744,
    "CPLX0-7655": 8.90989757970774e-05,
    "AROA-MONOMER": 0.0005377356360013284,
    "HISTCYCLOPRATPPHOS": 0.00019825262134079798,
    "IMIDHISTID-CPLX": 0.0005859582946576837,
    "HOMOCYSMET-MONOMER": 0.019051626765882238,
    "CPLX0-8571": 3.906509613559804e-06,
    "EG11404-MONOMER": 0.0,
    "F16B-CPLX": 0.0002673816225743701,
    "CPLX0-7647": 1.8384020496275564e-05,
    "DIAMINOPIMDECARB-CPLX": 0.00024674692082601884,
    "YHAU-MONOMER": 3.2262652019971466e-08,
    "GLUTAMATESYN-CPLX": 0.0034655908225909747,
    "ADENYL-KIN-MONOMER": 0.0008099049912226597,
    "CPLX0-7694": 1.2235007947051251e-05,
    "ASPKINIIHOMOSERDEHYDROGII-CPLX": 0.00011597570811785594,
    "SAICARSYN-CPLX": 0.001445040031788205,
    "RIBONUCLEOSIDE-DIP-REDUCTII-CPLX": 6.587506749062956e-06,