{
    "0.0": [
        -21.456985865147622,
        -21.4569858096713,
        -19.301197402622524,
        -5.308728488266906e-08,
        1000000
    ],
    "0.26125001907348633": [
        -21.456985865147622,
        -21.4569858096713,
        -19.301197402622524,
        -5.308728488266906e-08,
        1000000
    ]
}