{
    "0.0": [
        -32.71871321637404,
        -30.480304125703537,
        -28.000000277496834,
        9.995323100647805e-09,
        1000000
    ],
    "0.21163702011108398": [
        -32.71871321637404,
        -30.480304125703537,
        -28.000000277496834,
        9.995323100647805e-09,
        1000000
    ],
    "0.4100968837738037": [
        -32.71871321637404,
        -30.480304125703537,
        -28.000000277496834,
        9.995323100647805e-09,
        1000000
    ],
    "0.42243480682373047": [
        -32.71871321637404,
        -30.480304125703537,
        -28.000000277496834,
        9.995323100647805e-09,
        1000000
    ],
    "0.433060884475708": [
        -32.71871321637404,
        -30.480304125703537,
        -28.000000277496834,
        9.995323100647805e-09,
        1000000
    ],
    "0.4450209140777588": [
        -32.71871321637404,
        -30.480304125703537,
        -28.000000277496834,
        9.995323100647805e-09,
        1000000
    ],
    "0.4580800533294678": [
        -32.71871321637404,
        -30.480304125703537,
        -28.000000277496834,
        9.995323100647805e-09,
        1000000
    ],
    "0.4687469005584717": [
        -32.71871321637404,
        -30.480304125703537,
        -28.000000277496834,
        9.995323100647805e-09,
        1000000
    ],
    "0.4818868637084961": [
        -32.71871321637404,
        -30.480304125703537,
        -28.000000277496834,
        9.995323100647805e-09,
        1000000
    ],
    "0.4927978515625": [
        -32.71871321637404,
        -30.480304125703537,
        -28.000000277496834,
        9.995323100647805e-09,
        1000000
    ],
    "0.5058519840240479": [
        -32.71871321637404,
        -30.480304125703537,
        -28.000000277496834,
        9.995323100647805e-09,
        1000000
    ]
}