{
    "Glycolysis": 10.728706569300973,
    "Respiration": 9.997992287917216e-09,
    "Overflow": 10.728706559302982,
    "EX_S": 10.728706569300973,
    "EX_C": 9.997992287917216e-09,
    "EX_P": 10.728706559302982,
    "EX_ATP": 21.4574131985899,
    "prot_pool_delivery": 0.25,
    "enzyme_E_glyc_of_Glycolysis": 0.0001540334159910915,
    "enzyme_E_resp_of_Respiration": 2.987972647791603e-17,
    "enzyme_E_over_of_Overflow": 0.00019194316801743463,
    "x_S": -3.9120229664570028,
    "x_M": -3.9120229895725784,
    "x_C": -13.815510557964274,
    "x_P": -13.815510557964274,
    "x_ATP": -13.815510557964274,
    "var_B": 0.001,
    "dG0_Glycolysis": -10.0,
    "f_var_Glycolysis": 78.49230295196632,
    "z_var_GlycolysisEX_S": 1.0,
    "kappa_substrates_Glycolysis": 5.298317405519179,
    "kappa_products_Glycolysis": -3.9120229895725784,
    "kappa_var_Glycolysis": 0.9950258882165062,
    "gamma_var_Glycolysis": 1.0,
    "dG0_Respiration": -10.0,
    "f_var_Respiration": 240.02586282514287,
    "z_var_RespirationEX_C": 1.0,
    "kappa_substrates_Respiration": -0.40546509225259664,
    "kappa_products_Respiration": -32.236191301916634,
    "kappa_var_Respiration": 0.14457507726619329,
    "gamma_var_Respiration": 1.0,
    "dG0_Overflow": -10.0,
    "f_var_Overflow": 34.54895414114189,
    "z_var_OverflowEX_P": 1.0,
    "kappa_substrates_Overflow": 1.3862943769754579,
    "kappa_products_Overflow": -4.605170185988092,
    "kappa_var_Overflow": 0.7985032052424613,
    "gamma_var_Overflow": 1.000000009998786,
    "OBJECTIVE_VAR": 21.4574131985899,
    "SOLVER_STATUS": 0,
    "TERMINATION_CONDITION": 0.2,
    "ALL_OK": true
}