{
    "EX_ATP": [
        0.0,
        39.99999999999999
    ],
    "EX_C": [
        0.0,
        5.0
    ],
    "EX_P": [
        0.0,
        11.666666666666666
    ],
    "EX_S": [
        0.0,
        11.666666666666666
    ],
    "Glycolysis": [
        0.0,
        11.666666666666666
    ],
    "Overflow": [
        0.0,
        11.666666666666666
    ],
    "Respiration": [
        0.0,
        5.0
    ],
    "enzyme_E_glyc_of_Glycolysis": [
        0.0,
        0.00025
    ],
    "enzyme_E_over_of_Overflow": [
        0.0,
        0.0005
    ],
    "enzyme_E_resp_of_Respiration": [
        0.0,
        0.0001
    ],
    "f_var_Glycolysis": [
        4.845440589158743,
        103.04125699652592
    ],
    "f_var_Overflow": [
        -14.548954101839552,
        34.548954101830645
    ],
    "f_var_Respiration": [
        43.63422997112935,
        240.0258627858316
    ],
    "kappa_products_Glycolysis": [
        -13.815510557964274,
        15.894952099640816
    ],
    "kappa_products_Overflow": [
        -4.605170185988092,
        5.298317366556148
    ],
    "kappa_products_Respiration": [
        -32.236191301916634,
        37.088221565836264
    ],
    "kappa_substrates_Glycolysis": [
        -4.605170185988092,
        5.298317366548035
    ],
    "kappa_substrates_Overflow": [
        -8.517193191416236,
        1.3862943611184164
    ],
    "kappa_substrates_Respiration": [
        -10.308952660644291,
        -0.4054651081081637
    ],
    "x_ATP": [
        -13.815510557964274,
        -3.912023005428146
    ],
    "x_C": [
        -13.815510557964274,
        -3.912023005428146
    ],
    "x_M": [
        -13.815510557964274,
        -3.912023005428146
    ],
    "x_P": [
        -13.815510557964274,
        -3.912023005428146
    ],
    "x_S": [
        -13.815510557964274,
        -3.912023005428146
    ]
}