{
    "ATP_Consumption": [
        0.0,
        96.0
    ],
    "EX_C": [
        0.0,
        16.0
    ],
    "EX_P": [
        0.0,
        37.333333333333336
    ],
    "EX_S": [
        0.0,
        37.333333333333336
    ],
    "Glycolysis": [
        0.0,
        37.333333333333336
    ],
    "Overflow": [
        0.0,
        37.333333333333336
    ],
    "Respiration": [
        0.0,
        16.0
    ],
    "enzyme_E_glyc_of_Glycolysis": [
        0.0,
        0.0004
    ],
    "enzyme_E_over_of_Overflow": [
        0.0,
        0.0008
    ],
    "enzyme_E_resp_of_Respiration": [
        0.0,
        0.00016
    ],
    "f_var_Glycolysis": [
        -63.64686230552443,
        29.102431852548357
    ],
    "f_var_Overflow": [
        -14.548954101858914,
        34.54895410184682
    ],
    "f_var_Respiration": [
        -112.74477050919401,
        23.65590960326594
    ],
    "kappa_products_Glycolysis": [
        -11.618285980628059,
        15.894952099647341
    ],
    "kappa_products_Overflow": [
        -4.605170185988092,
        5.298317366556148
    ],
    "kappa_products_Respiration": [
        -18.63140177526803,
        26.49158683274018
    ],
    "kappa_substrates_Glycolysis": [
        -13.815510557964274,
        13.69772752230789
    ],
    "kappa_substrates_Overflow": [
        -6.907755278982137,
        2.9957322735539904
    ],
    "kappa_substrates_Respiration": [
        -27.99210979499187,
        17.130878813019564
    ],
    "x_ADP": [
        -13.815510557964274,
        -5.0106352940962555
    ],
    "x_ATP": [
        -12.716898269296165,
        -3.912023005428146
    ],
    "x_C": [
        -13.815510557964274,
        -3.912023005428146
    ],
    "x_M": [
        -13.815510557964274,
        -3.912023005428146
    ],
    "x_P": [
        -13.815510557964274,
        -3.912023005428146
    ],
    "x_S": [
        -13.815510557964274,
        -3.912023005428146
    ]
}